ArrivalLocation,Region1_Release,Region2_Release,Region3_Release,Region4_Release,Region5_Release,Region6_Release
Region1,NaN,0,0,0,0,0
Region2,0,NaN,0,0,0,0
Region3,0.854700854700855,0.334448160535117,NaN,0,0,0
Region4,0,0,0,NaN,0,0
Region5,0.854700854700855,0,19.4331983805668,3.11355311355311,NaN,0
Region6,0,0,7.28744939271255,28.7545787545788,0,NaN
