ArrivalLocation,Region1_Release,Region2_Release,Region3_Release,Region4_Release,Region5_Release,Region6_Release
Region1,NaN,9.69899665551839,0,1.28205128205128,0,0
Region2,4.27350427350427,NaN,0.404858299595142,4.3956043956044,0,0
Region3,1.70940170940171,0,NaN,0.366300366300366,0,0
Region4,0,0,0,NaN,0,0
Region5,0,0,0,0,NaN,0
Region6,0,0,0,1.28205128205128,0,NaN
