,Source_Diego Garcia,Source_Northern Chagos,Source_Western Chagos,Source_Inner Seychelles,Source_Iles Glorieuses,Source_Outer Seychelles
Diego Garcia,NA,6.19288999,3.284503326,1.061289901,0,0.338062054
Northern Chagos,2.243589744,NA,14.4095214,3.636839351,0,0.201178032
Western Chagos,11.24656593,5.953251911,NA,0.472592883,0,0.107848017
Inner Seychelles,0.393009768,0.126911132,0.903701562,NA,0.096961862,0.998020092
Iles Glorieuses,7.410905067,0.28331044,3.740872614,0.469322344,NA,0.020740003
Outer Seychelles,1.137057387,2.928661013,2.01977299,16.46409766,1.759453782,NA