,Source_Diego_Garcia,Source_Northern_Chagos,Source_Western_Chagos,Source_Inner_Seychelles,Source_lles_Glorieuses,Source_Outer_Seychelles
Diego_Garcia,0,2.92507764,1.910967322,0.654107797,0,0.135224822
Northern_Chagos,1.013431013,0,6.660280509,2.068288854,0,0.080471213
Western_Chagos,5.380799756,2.699026517,0,0.249869178,0,0.043139207
Inner_Seychelles,0.157203907,0.050764453,0.361480625,0,0.045248869,0.446495244
Iles_Glorieuses,3.00709707,0.120490922,1.507916426,0.193615908,0,0.008296001
Outer_Seychelles,0.454822955,1.173853321,0.813692886,7.010155024,0.869424693,0